{
    "name": "LUB0057",
    "interfaces": [],
    "mode": "normal",
    "current_interface": null,
    "output": [
        "Welcome to Simulator Terminal NOKIA Router by Jorge Moreno",
        "Available commands in mode 'normal':",
        "  enable - Enter privileged EXEC mode",
        "  help - Display this help message",
        "  clear - Clear the terminal screen",
        "  save - Save the current configuration",
        "  set name YOUR_NAME - Set the router hostname",
        "Set router name before saving (use command: set name YOUR_NAME)",
        "Router name set to 'LUB0057'",
        "Configuration saved as 'LUB0057'"
    ]
}